rows,time
1000,0.000697136
2000,0.000434875
4000,0.000767946
6000,0.0011189
8000,0.00161195
