rows,time
2000,0.000434875
4000,0.000767946
6000,0.0011189
8000,0.00161195
